,showing_time
58:2a:f7:31:5b:c8,46
34:80:b3:7e:5e:15,187
34:36:3b:b7:00:6b,188
24:4b:81:64:37:0c,196
68:96:7b:e6:c5:c8,38
8c:be:be:98:37:d7,68
14:f6:5a:ac:df:90,149
38:bc:1a:de:be:37,35
ac:36:13:89:4b:be,18
fc:e9:98:f0:c7:05,47
5c:95:ae:82:b1:b1,144
58:1f:28:09:b2:7d,62
88:c6:63:f4:54:61,124
3c:91:57:c4:be:31,179
90:72:40:e2:19:31,24
a0:86:c6:fe:da:51,14
34:23:ba:98:97:8b,32
14:f6:5a:cf:c0:c1,83
b8:b4:2e:f8:70:33,157
18:dc:56:b2:7e:34,31
d4:97:0b:6a:25:fc,344
20:08:ed:46:8c:2d,8
38:bc:1a:c7:1b:d1,41
40:0e:85:00:f5:9d,39
58:2a:f7:6d:df:34,182
64:a3:cb:52:3f:cc,192
24:09:95:1f:20:41,21
64:09:80:e4:53:25,83
34:80:b3:1f:ce:9b,44
dc:9b:9c:af:aa:96,71
f4:29:81:39:aa:3a,20
58:1f:28:1a:2a:bb,10
14:b9:68:7a:f9:00,44
c4:07:2f:10:34:c1,128
60:e7:01:1e:5b:f7,35
18:dc:56:cc:1f:4f,32
2c:28:2d:23:11:eb,9
a4:3d:78:ba:43:5c,22
a0:86:c6:fa:f4:3c,15
7c:1d:d9:98:f7:b6,39
74:51:ba:28:32:8f,15
48:6b:2c:a6:f2:99,85
10:f6:81:51:82:24,79
3c:e0:72:9e:13:95,61
18:dc:56:cd:ad:b3,18
9c:fc:01:94:3a:25,39
f8:a4:5f:eb:8a:1d,60
18:59:36:84:fa:88,24
a8:66:7f:f2:c4:d1,33
00:1f:a0:c3:db:a8,3
9c:c1:72:a6:e8:38,16
70:72:0d:9c:a7:64,33
70:72:0d:a2:47:4a,58
0c:77:1a:03:c6:39,25
d0:22:be:38:45:5e,21
18:9e:fc:83:18:e7,31
34:e2:fd:23:ac:70,65
d8:1d:72:76:a9:85,27
98:e7:9a:0f:9a:da,15
e8:8d:28:de:76:9e,31
80:22:75:3f:2d:20,60
70:11:24:98:ba:fa,39
54:ea:a8:55:53:45,9
74:51:ba:5e:c9:b9,14
9c:99:a0:48:18:3e,34
74:51:ba:58:69:db,21
ac:f7:f3:aa:ff:e4,58
8c:be:be:70:c3:4e,32
78:f7:be:80:12:e9,48
a0:93:47:30:31:73,19
f8:a4:5f:76:8b:ed,8
98:fa:e3:c0:0c:ab,122
68:df:dd:9e:c7:62,43
5c:8d:4e:33:68:d3,55
ac:38:70:44:03:18,7
d4:97:0b:bd:81:21,30
18:9e:fc:c4:5d:01,53
8c:0e:e3:d0:e0:cc,90
cc:89:fd:55:94:68,107
80:ea:96:83:78:a0,20
a8:8e:24:62:49:79,17
18:34:51:83:de:70,16
98:fa:e3:4c:6a:2b,66
f4:29:81:59:a2:44,40
2c:8a:72:4d:f6:e2,9
7c:1d:d9:5f:c3:d9,68
d0:22:be:7b:c4:c3,27
dc:37:14:2c:e7:9b,12
18:f6:43:92:0c:b0,21
f0:dc:e2:e4:a9:a8,32
e0:b5:2d:25:5c:82,124
a8:a6:68:1d:7c:6e,17
7c:61:93:06:40:37,31
ac:29:3a:c4:5f:81,24
34:80:b3:d0:cf:09,54
34:80:b3:a2:5e:90,45
30:9b:ad:bd:ee:19,22
ec:df:3a:3e:80:b8,14
88:70:8c:e8:4a:27,8
64:09:80:eb:1b:16,264
60:fa:cd:27:a6:ec,138
04:db:56:23:84:c0,8
bc:4c:c4:d1:f5:e5,57
bc:44:86:63:35:6e,12
68:df:dd:26:a7:44,67
70:14:a6:79:64:5a,32
70:72:0d:ac:83:7a,20
f8:a4:5f:a8:43:ae,18
fc:e9:98:1b:cf:dd,24
5c:3c:27:92:8d:63,18
40:c6:2a:16:58:bb,11
ac:f7:f3:8e:88:8e,14
b8:78:2e:ae:64:34,1
a4:3d:78:3a:0a:11,22
70:14:a6:ce:c2:ad,12
a8:1b:5a:ad:1c:0c,7
00:1a:95:86:5f:ca,23
fc:e9:98:0e:b6:eb,43
70:72:0d:c9:fb:7d,36
64:b4:73:34:cc:9a,34
98:8e:4a:50:00:17,53
48:6b:2c:47:65:34,21
dc:9b:9c:d7:8a:d7,42
d0:59:e4:ee:e4:55,61
00:0c:e7:7d:6e:d9,38
a0:93:47:13:83:53,24
a4:99:47:94:8a:80,24
d0:7a:b5:de:03:35,23
38:aa:3c:91:1d:9d,16
1c:99:4c:26:54:a0,19
ec:85:2f:12:1b:c5,5
f4:8b:32:a6:ed:6b,7
d4:97:0b:96:bf:30,33
f0:25:b7:b7:b1:16,33
80:41:4e:09:e8:bc,38
14:9f:e8:e4:4e:79,8
60:21:c0:67:3f:41,95
34:6b:d3:df:23:90,15
14:5a:05:1b:2f:5a,4
a8:06:00:4f:2d:8d,203
34:80:b3:58:ea:60,4
14:36:c6:2d:86:ae,3
ac:3c:0b:02:9b:fb,32
c0:f2:fb:89:b5:1e,38
90:3c:92:0f:67:4d,43
18:1e:b0:77:71:ae,24
9c:fc:01:d9:c1:2b,1
28:5a:eb:8f:20:d9,12
dc:37:14:2b:22:c3,8
ec:df:3a:f5:c8:26,6
9c:35:eb:d7:e6:07,14
98:fa:e3:5e:b5:48,66
88:32:9b:40:28:59,9
40:f3:08:3c:64:03,7
38:bc:1a:df:20:de,71
8c:be:be:de:21:f9,1
d8:1d:72:49:fa:cd,19
f4:8b:32:64:42:d4,27
18:dc:56:b3:39:95,5
3c:91:57:c2:47:bb,30
ac:f7:f3:bc:93:e2,103
68:09:27:dc:48:44,39
64:09:80:fd:8c:bc,46
5c:f8:a1:e5:b5:d2,4
9c:99:a0:61:f2:e4,5
c8:1e:e7:c9:8b:a9,199
e4:32:cb:13:48:c3,3
18:dc:56:d9:1b:97,38
a0:b4:a5:de:08:4a,53
f4:8e:92:99:62:5e,59
68:d9:3c:b8:dd:0b,50
00:88:65:d7:e1:d8,14
04:f7:e4:64:8e:bd,29
18:af:61:2d:2e:b4,10
5c:0e:14:15:91:f8,36
70:14:a6:3a:23:32,233
ac:29:3a:d8:1d:f6,14
38:bc:1a:c1:f4:80,24
18:59:36:de:c1:c4,17
14:f6:5a:bd:73:5c,16
18:59:36:f6:d3:9b,179
38:bc:1a:43:51:ff,66
d8:90:e8:2b:48:88,15
bc:52:b7:1f:c9:d5,8
dc:37:14:16:86:e2,1
70:e7:2c:c3:80:d2,25
28:e3:1f:ca:13:7a,35
28:e1:4c:a1:bd:00,5
c0:63:94:b8:7f:03,50
d8:96:95:30:e9:a2,32
3e:6a:e5:46:8b:42,1
a8:7c:01:5e:35:0c,14
bc:4c:c4:d9:32:b9,4
18:dc:56:b2:3b:42,15
b8:98:f7:f8:82:5d,2
e8:8d:28:78:73:c3,23
a8:88:08:7c:ba:94,25
a8:86:dd:85:23:c4,7
18:dc:56:f0:08:6d,13
e4:25:e7:66:5c:23,7
70:72:0d:c9:75:9f,1
54:ea:a8:7a:d6:ac,5
9c:a9:e4:35:e3:f9,40
70:72:0d:ca:d9:11,1
9c:c1:72:97:02:6e,14
bc:3b:af:65:b4:29,30
20:a9:9b:ef:c8:20,46
dc:86:d8:c6:3a:ab,52
22:c3:1e:39:6d:eb,1
54:ea:a8:bc:ed:dc,14
54:ea:a8:9e:19:b0,12
9c:a9:e4:db:85:4b,4
80:e6:50:92:a7:b7,4
50:3c:c4:a4:88:df,4
64:09:80:f9:80:13,18
38:bc:1a:26:8b:7a,12
38:bc:1a:2d:04:54,1
38:bc:1a:33:e3:08,1
38:bc:1a:36:67:2e,4
38:bc:1a:48:40:99,3
44:d8:84:07:a8:e1,30
60:92:17:a7:3a:37,7
42:d8:94:27:1c:3c,1
38:bc:1a:83:e8:d4,143
a0:93:47:92:b0:89,1
38:bc:1a:ad:c3:cd,55
38:bc:1a:b1:28:7f,31
a4:3d:78:8e:94:1d,25
40:f3:08:9e:19:96,57
38:bc:1a:c7:c9:78,22
40:f3:08:4a:1a:80,22
b6:91:c0:a3:d9:64,1
38:bc:1a:d5:79:1a,7
cc:a2:23:2e:8d:24,2
78:d7:5f:08:fa:96,29
a8:96:8a:c6:ce:6a,67
78:a3:e4:61:4a:e4,48
a4:3d:78:2f:0c:7d,48
60:d9:a0:fa:61:79,45
60:e7:01:30:3a:4f,6
3e:a9:9a:96:d1:4f,1
cc:08:e0:37:86:9a,3
7c:1d:d9:72:9e:96,58
7c:1d:d9:98:e7:98,18
48:43:7c:8b:37:fa,3
74:e2:f5:4b:e9:f7,8
2c:28:2d:8d:3c:80,52
2c:8a:72:3b:b3:c0,15
80:71:7a:f7:f4:32,5
52:bc:b8:db:67:45,1
2c:8a:72:4e:07:83,15
80:71:7a:e9:08:bd,4
80:71:7a:e8:b2:b6,117
a0:86:c6:4d:10:e5,9
2e:62:fb:c3:6e:16,1
d4:97:0b:bc:95:5d,11
30:30:30:58:41:4e,91
30:75:12:af:4c:ef,19
64:09:80:d9:7a:ca,4
b8:98:f7:eb:a6:8d,17
c4:07:2f:59:bb:98,30
c4:6a:b7:4b:5d:8b,47
b8:98:f7:a1:4a:ad,12
a0:86:c6:fe:cb:b9,21
c4:6a:b7:dd:24:0d,16
48:74:6e:70:88:ab,21
d0:a6:37:d0:96:8b,7
48:6b:2c:9e:83:1c,1
34:e2:fd:0e:9c:8b,4
a4:c3:61:5a:88:5e,25
74:51:ba:e6:12:3e,45
7c:1d:d9:ac:b6:df,52
d0:7a:b5:41:06:47,84
38:94:96:5d:33:18,29
c4:50:06:35:86:66,30
d4:97:0b:77:7c:7d,47
5c:f7:c3:15:af:5b,2
68:a0:f6:48:83:a5,4
14:f6:5a:8e:8e:67,71
90:00:db:74:43:ae,5
14:f6:5a:9c:a8:d6,4
f4:e3:fb:36:6d:ae,19
f0:25:b7:51:b8:c5,6
f4:f1:5a:d3:1d:5f,21
14:f6:5a:c0:4b:e3,3
98:f1:70:3a:db:a9,16
68:96:7b:5e:3e:94,4
68:df:dd:1c:4b:b9,18
14:f6:5a:88:2b:98,35
f6:d0:10:97:8a:b4,40
00:f4:b9:c1:56:60,48
f8:a4:5f:1c:b1:12,1
9c:20:7b:07:36:29,1
00:a1:79:d2:e5:f0,8
18:59:36:1f:ff:77,54
18:59:36:6c:77:e8,12
9c:20:7b:46:5c:f6,12
18:59:36:8d:54:79,32
88:cb:87:52:8e:28,28
9c:35:eb:b2:53:67,10
ac:38:70:53:58:94,93
08:10:78:dc:b9:fa,16
14:a3:64:ff:20:62,1
08:63:61:cd:18:7b,2
98:fa:e3:db:f0:9b,13
f4:29:81:1f:cc:10,15
8c:be:be:9b:76:42,39
8c:be:be:89:15:a5,33
8c:be:be:9f:bb:88,10
10:41:7f:2f:d6:be,9
8c:be:be:61:e6:ff,1
0c:30:21:b9:11:58,5
10:9a:dd:2d:bb:30,7
f4:29:81:a1:22:3d,10
ac:f7:f3:cb:5d:de,5
f0:db:f8:82:d7:c2,59
ac:f7:f3:bc:e3:33,1
10:f6:81:c1:99:e5,1
0c:1d:af:a0:6b:57,4
8c:34:fd:d7:4b:27,3
f0:27:65:58:c4:12,181
8e:32:53:56:cc:e1,1
98:fa:e3:3c:19:6e,17
08:ec:a9:2d:fa:1b,17
f4:8b:32:be:0e:41,7
f0:27:65:2a:cd:6b,12
14:99:e2:4c:fd:5a,1
ec:35:86:ae:e1:06,7
68:df:dd:8c:2d:59,2
0c:e7:25:2a:c6:18,32
ac:f7:f3:1b:69:fb,94
88:70:8c:1a:b9:65,9
fe:3b:26:8b:81:0c,1
18:dc:56:7c:dd:ea,166
88:70:8c:b7:91:bb,34
fc:e9:98:13:8c:fa,55
18:59:36:e0:fb:4c,11
68:df:dd:97:13:87,60
68:df:dd:a6:69:33,3
ea:78:7e:53:36:58,1
78:7e:61:3c:24:8a,14
cc:07:e4:d3:a5:5b,21
f8:a4:5f:ff:af:24,36
00:08:22:b0:30:96,1
5c:f7:c3:4f:a4:52,10
08:fc:88:8f:78:a3,57
a8:8e:24:42:44:a7,1
3e:78:10:af:78:54,1
3c:e0:72:7a:dc:7e,139
5c:f7:c3:68:2c:1a,6
0c:1d:af:42:cc:be,10
60:d9:a0:fc:03:b5,8
60:d9:c7:95:b1:69,1
cc:29:f5:65:94:7a,4
cc:29:f5:82:bf:fb,16
cc:29:f5:97:54:cf,21
b8:e8:56:52:84:62,1
f4:8b:32:8d:00:d0,3
0c:14:20:14:6f:b5,77
78:6a:89:17:26:08,51
ca:8f:da:89:e2:e2,1
f4:8b:32:c3:fe:cd,48
44:74:6c:4c:b2:af,37
60:92:17:b3:a5:8b,12
04:f1:3e:7d:9e:4b,29
04:f7:e4:14:ce:9b,11
60:d9:a0:a1:2c:41,1
42:18:97:a7:7f:33,1
a4:3d:78:97:8a:c8,17
f4:9f:f3:da:e9:bd,106
ac:38:70:a5:8c:45,1
a4:3d:78:60:f0:59,28
b8:09:8a:6e:8b:ab,13
06:de:e9:83:1d:70,1
c8:e0:eb:9e:e1:bf,8
94:94:26:a8:84:73,5
40:a6:d9:cd:d1:ca,44
a4:3d:78:42:9a:61,7
5c:0a:5b:99:e6:93,6
3c:91:57:e5:b4:23,13
fc:e9:98:e9:a4:56,4
40:0e:85:5e:58:e8,22
78:9f:70:35:a4:19,44
78:9f:70:3c:a5:b3,7
5a:33:dd:84:82:5f,1
70:72:0d:06:ba:f1,9
70:14:a6:3a:5e:48,30
00:08:22:1a:57:64,1
98:fa:e3:c3:9e:ff,22
ac:f7:f3:c0:00:21,4
5c:96:9d:1b:32:bb,6
38:bc:1a:c3:5d:9c,15
38:bc:1a:c2:e2:bb,53
38:bc:1a:c2:82:9e,21
f4:29:81:7a:15:c8,15
38:bc:1a:bd:64:6e,15
78:d7:5f:4d:7b:25,18
60:f8:1d:f2:3b:08,1
b8:b4:2e:a9:2e:73,24
ac:f7:f3:c1:28:e9,1
38:bc:1a:b4:74:0a,53
0c:74:c2:5d:6c:b3,86
70:3e:ac:81:b5:78,2
fe:22:d5:87:7c:2b,1
38:bc:1a:ae:f1:d1,12
b8:98:f7:f7:e8:f0,2
68:df:dd:c3:da:85,26
b8:bc:1b:ed:d3:84,47
cc:a2:23:32:53:b6,1
f4:29:81:e0:ea:45,28
68:a8:6d:8d:2d:8a,11
6c:25:b9:bc:e0:ea,9
90:fd:61:32:5f:ed,20
78:a3:e4:01:9a:93,18
0c:1d:af:d8:f4:50,10
3c:91:57:0d:8e:a0,14
60:e7:01:6c:3a:67,298
0c:1d:af:e0:97:cf,8
60:f8:1d:39:4d:e6,10
cc:3a:61:cf:2a:b7,82
b8:bc:1b:a6:71:7f,6
90:fd:61:41:74:85,23
0c:1d:af:e8:b9:b8,1
3a:1d:71:4b:74:94,1
38:f8:89:d1:16:17,7
8c:be:be:d8:22:8e,129
38:bc:1a:ef:d3:9a,1
00:08:22:66:e4:fb,1
38:bc:1a:ef:12:b0,64
00:08:22:3e:5c:15,1
68:a0:f6:9b:32:09,4
f4:29:81:c7:d0:05,13
44:80:eb:30:79:ce,8
44:91:db:71:ab:7a,41
bc:3a:ea:00:3e:36,1
c0:9a:71:0e:d6:91,7
00:88:65:4c:72:06,16
00:88:65:7b:7a:66,6
52:e7:4c:21:1d:9f,1
74:51:ba:56:6a:a5,3
ac:f7:f3:5b:e1:da,75
f8:a4:5f:93:7b:c0,3
74:51:ba:56:77:71,4
f8:a4:5f:77:4d:22,1
68:df:dd:9e:83:e4,1
74:51:ba:58:b8:21,81
74:51:ba:5c:c4:b3,4
58:1f:aa:05:18:b1,18
70:14:a6:dd:f3:c7,13
50:ea:d6:2d:d0:d2,61
c2:a5:fd:4e:58:ba,1
ac:7f:3e:46:45:8f,2
90:3c:92:c6:7e:4c,1
50:a4:c8:c6:88:6b,28
74:51:ba:68:25:eb,12
50:7a:55:6e:97:0e,11
68:df:dd:ef:03:71,11
50:3c:c4:be:f3:b5,3
c0:9a:71:0e:b1:93,58
5c:f8:a1:cf:78:67,12
a8:88:08:88:9e:18,17
00:23:b1:c0:96:bb,4
5c:f8:a1:3f:78:f6,7
90:b6:86:7b:84:df,5
98:6c:f5:1c:bb:f6,8
ac:cf:5c:ca:80:7c,1
54:e4:3a:75:db:b6,1
bc:52:b7:73:af:5a,24
f8:a4:5f:dc:59:e9,11
70:ec:e4:5a:67:cc,22
68:df:dd:96:9d:0e,1
70:ec:e4:5b:65:ee,5
c0:1a:da:2b:77:98,18
b8:98:f7:ed:a2:ab,5
54:9f:13:ca:52:ab,5
a8:66:7f:73:26:6e,6
90:8d:6c:e7:fc:a6,1
54:9f:13:6d:f3:d4,4
54:9f:13:20:98:e3,9
c0:63:94:de:b2:47,1
bc:44:86:33:1c:56,1
54:72:4f:59:c1:df,4
68:df:dd:a3:b6:2f,6
90:3c:92:84:97:84,26
5c:f9:6a:fd:2a:8d,22
60:51:2c:22:20:70,23
00:0c:e7:a5:db:fb,4
98:f1:70:3a:1e:7c,1
48:6b:2c:3f:de:ac,13
58:2a:f7:a6:ff:6f,1
48:60:bc:a4:f4:5e,15
a4:c3:61:50:06:45,19
48:5a:3f:27:ae:a3,2
70:72:0d:cb:2a:62,5
74:ad:b7:82:9d:84,24
f6:4c:e0:d3:d1:c9,1
98:f1:70:40:9c:54,8
70:72:0d:cb:1e:d5,1
90:18:7c:4d:e3:7a,10
a4:5e:60:89:a4:27,3
70:14:a6:7b:43:df,1
c8:6f:1d:00:13:df,51
76:aa:65:18:9b:27,1
a4:3d:78:f0:68:43,22
bc:3a:ea:17:e2:9a,23
98:0c:82:56:d2:c8,1
94:d7:71:e7:fc:d3,37
00:ee:bd:44:f9:93,11
f6:d0:10:85:43:1b,25
58:2a:f7:64:b7:c8,1
98:d6:bb:e3:5c:5d,14
c4:6a:b7:48:16:5c,5
74:51:ba:6c:ac:8f,17
f8:a4:5f:31:c6:cb,61
4c:7c:5f:4e:63:24,17
c4:6a:b7:51:2c:0e,17
c4:6a:b7:6d:29:b3,15
ac:f7:f3:a3:64:0f,27
bc:3b:af:64:8e:6b,13
c4:6a:b7:b9:de:26,4
f8:a4:5f:17:2c:f4,8
00:f4:b9:bb:af:43,15
74:51:ba:c0:2b:15,25
48:a2:2d:97:91:62,9
f8:27:93:d4:b9:14,1
a6:f6:c7:22:7e:c7,1
70:72:0d:f1:1c:37,1
68:df:dd:26:49:4b,1
48:6b:2c:ee:6e:60,1
48:6b:2c:b8:ec:b6,46
60:fa:cd:26:3c:13,29
a8:8e:24:11:7c:98,33
6c:25:b9:5c:75:e4,13
18:dc:56:a4:2f:d6,22
98:ff:d0:15:b8:d6,13
28:47:aa:b9:d0:3c,10
88:e3:ab:f0:13:5a,101
26:bc:03:c7:9a:ab,1
88:e3:ab:c4:43:7e,5
dc:37:14:2f:e5:af,15
9c:fc:01:40:1c:24,9
24:e3:14:00:1d:f4,12
9c:fc:01:3f:bf:6e,1
18:59:36:22:81:85,6
dc:37:14:e2:3d:30,9
9c:f3:87:41:af:6c,32
64:a3:cb:d3:b2:97,6
6c:3e:6d:01:96:22,2
84:78:8b:c3:7d:66,14
22:02:fa:e9:80:20,1
ec:89:f5:f4:ff:3a,6
18:59:36:7a:2a:4f,7
84:78:8b:c4:0a:51,26
ec:5a:86:8f:33:70,5
84:7a:88:39:bc:a4,2
20:a2:e4:2e:ed:db,65
6c:c2:6b:c1:55:85,17
64:b4:73:28:49:aa,8
28:5a:eb:84:ee:f5,23
8a:38:95:7a:d7:2c,1
28:5a:eb:99:19:2c,21
da:fb:a4:4a:c9:f2,1
a8:fa:d8:94:b2:5e,35
0c:d6:bd:2e:31:89,38
d8:55:a3:f9:72:ad,17
ee:f1:28:d1:8d:d0,1
2a:10:b3:83:0c:a8,1
28:e3:1f:c8:58:a2,3
8a:de:14:57:95:0d,1
16:e2:d0:9a:07:c6,1
18:00:2d:08:d9:f9,4
28:e3:1f:aa:32:43,2
a0:18:28:6c:f9:76,9
b0:ee:45:4c:6d:4d,3
6e:82:d0:25:71:7f,1
28:e3:1f:78:51:91,20
9e:f6:90:c2:5a:d7,1
28:e3:1f:75:ae:dd,23
84:38:35:77:7d:e7,4
aa:13:3c:51:2c:3f,1
9c:04:eb:2e:e2:5a,29
b2:7c:42:77:01:51,1
18:1e:b0:c1:eb:7d,30
5c:f7:c3:38:d5:e9,1
28:cf:e9:9a:87:32,9
da:c8:5f:5f:ef:a4,1
a0:18:28:01:b1:46,21
ec:5a:86:64:06:68,2
e0:19:1d:46:75:81,50
64:b4:73:32:a2:d2,7
88:30:8a:79:66:84,22
18:dc:56:1a:bb:bd,44
e4:40:e2:cc:80:e8,3
18:dc:56:f0:0c:d0,11
e4:5a:a2:92:68:32,22
18:dc:56:21:79:0b,8
e4:5a:a2:bf:90:a2,46
64:b4:73:49:da:b4,50
68:3e:34:08:f1:1b,6
88:63:df:28:f0:7d,9
18:dc:56:cc:41:c6,1
18:dc:56:f1:a2:1e,12
b0:9f:ba:ec:a4:8b,9
6c:70:9f:ef:fa:15,33
18:dc:56:c0:11:95,1
88:32:9b:a2:df:b2,4
9c:99:a0:27:60:e3,7
e8:bb:a8:93:4d:57,1
e8:bb:a8:74:20:6c,12
e8:8d:28:7a:e8:96,9
e8:8d:28:8a:ae:da,20
88:32:9b:d8:19:df,98
e8:bb:a8:6e:7e:67,21
e8:bb:a8:29:6d:3c,23
9c:99:a0:22:fa:ff,133
9a:d8:97:45:d6:a3,1
18:dc:56:f1:aa:7e,2
ea:c2:ac:4b:d0:43,1
1e:e6:ba:63:d1:09,1
e0:19:1d:99:0b:a8,2
e0:2c:b2:48:5e:00,7
1c:e6:2b:2a:69:63,2
1c:af:05:3f:0d:1d,27
e0:66:78:bb:b1:44,7
ea:f7:05:6d:30:ab,1
1c:1a:c0:d4:98:8f,34
84:db:ac:c0:c2:e1,23
18:59:36:ca:1d:fa,33
1c:1a:c0:50:7b:c1,5
9c:99:a0:c5:a7:cf,30
88:a7:3c:a5:0a:ea,47
9c:99:a0:fb:46:ae,1
6c:c2:6b:88:b6:da,65
9c:99:a0:f9:0c:de,3
e2:4d:74:bc:ff:74,1
1a:85:9c:32:a3:f0,1
e2:53:7a:52:4c:72,1
e2:de:80:18:97:78,1
18:f6:43:e4:a9:31,23
18:9e:fc:07:29:27,8
64:b4:73:45:1d:9f,31
88:1f:a1:6a:1c:90,23
e0:c9:7a:1b:01:6b,1
d8:55:a3:cf:a2:8d,11
64:09:80:fc:7c:10,37
64:09:80:fc:05:02,7
8c:58:77:99:0d:eb,1
f0:d1:a9:61:8c:f5,27
8c:34:fd:f5:04:18,21
60:fa:cd:de:1c:5f,11
12:5b:0e:76:8d:af,1
70:11:24:ac:c3:71,18
f0:99:bf:39:d6:f4,9
34:80:b3:ef:db:88,35
d0:a6:37:d0:c9:8b,8
f0:5a:09:f0:6a:0b,23
7c:c5:37:f4:44:a3,18
7c:1d:d9:de:43:de,65
d0:a6:37:d7:cb:99,46
8c:34:fd:82:0f:f7,19
34:80:b3:6c:31:d8,22
14:36:c6:75:00:18,45
d0:e1:40:5d:bf:a5,19
b4:52:7e:7a:b9:4c,30
d2:4f:08:31:e6:79,1
7c:fa:df:8d:33:79,1
14:36:c6:76:d2:cb,8
d2:6e:f7:a2:b0:13,1
14:f6:5a:f8:06:f0,22
7c:fa:df:c1:a5:59,7
34:80:b3:a7:27:09,20
f0:27:65:44:05:57,55
7c:1d:d9:d5:aa:c3,29
d0:7a:b5:ea:c7:78,66
f4:09:d8:84:f9:09,4
7c:1d:d9:5f:bb:7a,25
38:bc:1a:66:ce:53,8
f4:09:d8:1d:2d:24,1
38:bc:1a:42:3e:83,52
10:1c:0c:eb:e6:d8,43
98:ff:d0:28:7c:bb,13
b0:9f:ba:5e:50:0e,1
38:bc:1a:20:5d:17,24
10:41:7f:5d:5d:19,16
a0:93:47:37:6b:3e,16
ac:f7:f3:e6:2a:0e,6
8c:be:be:67:e3:57,21
d0:23:db:94:79:b9,75
a0:93:47:37:10:78,92
d0:25:98:dd:9c:6b,3
f0:f6:1c:00:a0:09,4
a0:93:47:34:a9:30,53
7c:1d:d9:a0:8c:47,47
b4:f0:ab:96:c6:5a,11
38:48:4c:29:43:75,3
8c:be:be:5f:bd:e6,6
10:d3:8a:4e:f5:15,12
d0:7a:b5:96:05:6d,8
8c:be:be:65:59:94,2
62:e0:84:b4:c1:91,1
14:5a:05:77:72:9f,10
34:23:ba:a3:41:95,2
d4:97:0b:aa:1c:c2,18
34:23:ba:b3:a9:19,17
14:b9:68:94:a0:55,2
f0:25:b7:a4:d1:ca,77
14:f6:5a:8d:fa:81,13
8c:34:fd:6e:d5:6a,36
a0:86:c6:7d:a7:3f,4
14:f6:5a:a0:57:5f,2
2c:be:08:21:62:c3,26
b4:30:52:a7:0b:0a,1
64:09:80:d6:7a:ee,20
d6:41:b6:ce:60:01,1
d6:77:db:ec:04:bd,1
14:f6:5a:af:1d:88,27
8c:0e:e3:9b:b6:03,2
68:96:7b:ad:7f:e0,9
64:09:80:e7:d7:ea,4
2c:8a:72:3b:f4:b5,2
14:f6:5a:c0:9f:66,2
f0:24:75:89:f5:8e,21
14:f6:5a:ce:46:13,14
d8:1d:72:6c:36:95,9
8c:29:37:50:04:2b,1
30:9b:ad:73:67:27,96
9c:fc:01:a4:d5:71,2
8c:34:fd:7f:0f:b8,3
14:99:e2:2e:d6:cb,11
d4:0b:1a:66:84:35,88
34:23:ba:5c:18:2f,8
7e:11:f6:17:a1:ad,1
34:12:98:e0:0c:fb,5
34:0a:ff:21:e6:c8,1
32:dc:c7:01:55:9e,1
30:9b:ad:78:70:bd,25
62:fd:58:e0:fb:b1,1
f0:27:65:22:3b:cf,9
62:e8:53:84:35:07,1
64:09:80:d5:f3:b9,1
30:9b:ad:d7:f2:c9,3
f0:25:b7:a8:0b:ab,30
80:41:4e:6f:15:4c,8
a0:86:c6:94:8a:dd,17
14:b4:84:e5:a6:ff,86
aa:f3:e2:21:e8:24,1
a8:9f:ba:32:c5:35,2
a8:88:08:ee:d5:9f,3
a8:8e:24:41:8d:c2,2
ac:38:70:b3:84:5b,1
a8:bb:cf:5e:44:47,9
ac:38:70:79:ee:9a,9
ac:36:13:b6:b1:e2,12
a8:8e:24:5b:9c:4a,15
ac:36:13:a0:f8:c4,5
a8:a6:68:f5:37:d5,1
ac:cf:5c:7a:ed:81,1
ac:38:70:4e:0a:fb,51
aa:2a:bc:20:83:a4,1
ac:29:3a:c6:d4:fc,47
ac:38:70:88:08:a0,6
a8:fa:d8:9f:dc:f9,1
a8:8e:24:12:26:1c,17
a8:9f:ba:4d:fe:6f,10
00:03:e7:a6:b2:c2,13
a8:86:dd:81:51:7f,50
9a:7c:5b:34:1e:f0,1
9a:8d:0a:4d:7c:ce,1
9a:b4:63:c3:42:3f,1
9a:cb:d6:b8:3e:74,1
9a:d5:b3:55:b4:f0,1
9a:fc:20:3c:24:b5,1
9c:20:7b:0c:44:74,16
9c:20:7b:14:20:35,8
9c:20:7b:2f:e5:c6,5
9c:99:a0:0c:7f:f7,10
9c:99:a0:2b:1a:e0,1
9c:99:a0:49:72:19,25
9c:99:a0:87:74:f9,4
9c:99:a0:a1:0f:83,2
9c:99:a0:a3:21:66,60
9c:99:a0:a3:55:29,2
9c:99:a0:a9:6d:02,1
9c:fc:01:2e:c5:e5,1
9c:fc:01:0b:f3:90,1
9c:c1:72:e8:62:01,53
9c:c1:72:c5:34:12,1
9c:c1:72:c4:9c:46,21
9c:c1:72:bd:ca:34,4
9a:66:a9:97:a1:ea,1
9c:c1:72:a8:4d:a8,1
9c:c1:72:5a:c4:29,1
9c:c1:72:3c:05:21,16
9c:99:a0:fb:37:9c,6
9c:99:a0:e4:d0:c3,1
9c:99:a0:e1:d0:6b,37
9c:99:a0:b8:45:fd,1
9c:c1:72:8b:97:c4,1
9e:38:27:7e:68:08,1
9a:18:77:4b:19:4c,1
98:fa:e3:db:19:a1,8
94:01:c2:5e:0a:92,31
94:77:2b:f6:3f:a9,7
94:94:26:aa:b5:d3,9
96:02:a6:8b:67:23,1
96:2a:72:05:01:cb,1
96:43:2c:74:89:99,1
96:48:d0:b7:14:e6,1
96:c4:26:7e:47:d6,1
96:d3:4f:13:da:49,1
98:03:d8:5d:82:ab,30
98:03:d8:c4:c0:95,28
98:5a:eb:a3:be:c0,1
98:6c:f5:6c:13:c5,38
98:6c:f5:73:02:f8,29
98:d6:bb:45:61:cd,13
98:d6:bb:54:b1:ec,3
98:e0:d9:28:cd:59,5
98:fa:e3:db:0d:49,1
98:fa:e3:55:30:6f,1
98:fa:e3:50:8d:8e,16
98:fa:e3:4a:1d:b2,2
98:fa:e3:40:e1:60,5
98:fa:e3:3d:56:bb,30
98:ff:d0:ff:3b:59,1
98:fa:e3:34:83:c4,1
98:f1:70:95:40:d7,15
98:f1:70:93:b2:af,2
98:f1:70:31:11:1d,1
98:f1:70:09:e2:a6,1
98:f1:70:03:ea:ab,26
98:f0:ab:3d:d4:95,29
98:fa:e3:30:bd:ae,2
9e:a9:e4:d3:e7:20,2
9e:a9:e4:da:63:ab,1
9e:a9:e4:da:73:a6,1
a0:ed:cd:c9:59:ab,16
a2:14:cb:e3:a1:95,1
a2:31:b5:e5:0c:f0,1
a2:6c:81:a1:9f:07,1
a2:7a:d1:dc:fc:3b,1
a2:7e:2d:4f:3a:38,1
a2:84:94:7d:89:fb,1
a2:88:91:4e:52:c4,1
a4:3d:78:42:bc:a5,16
a4:3d:78:a8:58:dc,15
a4:3d:78:be:3e:41,6
a4:3d:78:be:80:df,3
a4:3d:78:e1:9d:6b,1
a4:5e:60:2f:23:ea,10
a4:c3:61:49:85:7c,1
a4:c3:61:58:a6:e2,1
a4:c3:61:71:f6:b2,18
a8:7c:01:7a:8f:63,67
a8:66:7f:ef:59:08,16
a8:66:7f:9f:24:a9,1
a8:66:7f:75:92:59,6
a8:66:7f:5d:b0:af,5
a8:5b:78:68:d2:2d,1
a0:ed:cd:04:9e:12,4
a8:5b:78:2f:7e:d8,1
a8:26:d9:5a:9d:62,1
a8:1b:5a:8f:69:26,4
a8:1b:5a:6d:da:4b,6
a8:1b:5a:12:af:17,16
a6:9e:a5:bd:4c:b3,1
a6:9e:0e:09:14:54,1
a8:5b:78:20:62:45,17
a0:ed:cd:03:aa:a6,1
a0:ec:80:d6:a6:ed,1
a0:e4:53:78:12:b6,1
a0:86:c6:91:70:f3,21
a0:86:c6:80:cd:45,21
a0:86:c6:80:60:cd,1
a0:86:c6:7b:52:c0,8
a0:86:c6:3e:c9:d6,5
a0:86:c6:31:7c:cc,106
a0:86:c6:94:c3:4f,17
a0:86:c6:04:03:d3,5
a0:68:33:88:ef:54,1
a0:18:28:e4:ac:ca,3
a0:18:28:a6:a5:47,1
a0:18:28:a5:a3:61,1
a0:18:28:75:83:bb,7
a0:18:28:1c:aa:7c,3
a0:82:1f:4a:00:df,1
a8:88:08:88:93:ec,17
a0:86:c6:ad:93:cf,2
a0:86:c6:af:3c:27,3
a0:e4:53:3c:ae:ae,35
a0:b4:a5:fd:40:49,52
a0:b4:a5:e0:49:15,1
a0:93:47:f2:2c:3f,1
a0:93:47:b8:b0:0e,12
a0:93:47:b6:61:89,93
ac:cf:5c:e9:a5:f8,13
a0:93:47:41:6a:43,102
a0:93:47:27:4b:a4,22
a0:93:47:1a:c7:f6,4
a0:93:47:02:0c:1a,28
a0:86:c6:ff:20:67,134
a0:86:c6:fe:57:13,42
a0:86:c6:fe:18:ef,43
a0:93:47:30:e3:0c,8
ac:e2:15:fd:f9:5a,32
c6:91:24:dd:b1:86,1
ac:f7:f3:11:e1:7a,1
e6:24:88:46:e7:21,1
e6:10:49:e2:5b:f9,1
e4:f8:ef:ab:15:1a,1
e4:f8:ef:9f:c5:11,36
e4:ce:8f:82:67:8a,1
e4:5a:a2:bf:c4:60,55
e4:25:e7:71:ba:4d,11
e4:25:e7:4e:08:40,25
e4:25:e7:3d:db:ce,80
e4:12:1d:55:58:9b,14
e2:ff:01:a1:80:31,1
e0:c9:7a:ba:42:b8,52
e0:c9:7a:b7:bd:03,1
e0:c9:7a:b1:26:97,6
e0:b5:2d:4d:88:bf,1
e0:b5:2d:17:89:96,13
e0:b5:2d:15:a3:4a,12
e0:99:71:2c:d4:8a,1
e0:19:1d:a4:91:3b,3
e8:08:8b:f5:e1:5a,1
e8:50:8b:3d:ec:1b,3
e8:8d:28:bf:85:c7,7
e8:8d:28:d3:52:1e,1
ee:18:a7:b8:3b:d7,1
ec:df:3a:3f:fb:30,1
ec:cb:30:9a:cb:ac,3
ec:5a:86:ae:53:f0,14
ec:5a:86:9d:e3:3a,2
ec:5a:86:67:4b:34,28
ec:5a:86:5a:af:38,5
ec:35:86:97:b4:5d,13
ea:c9:83:77:ad:39,1
e0:19:1d:95:53:e2,12
ea:b6:fb:f2:c8:63,1
ea:64:d6:62:a9:8a,1
ea:46:df:7b:c8:83,1
ea:0d:3b:31:98:eb,1
e8:cd:2d:0c:c2:22,16
e8:bb:a8:d4:48:04,20
e8:bb:a8:a9:12:68,1
e8:bb:a8:7a:4e:8d,11
e8:bb:a8:48:f2:6f,1
e8:bb:a8:0e:59:99,14
ea:a9:c1:72:dc:b0,1
de:b7:bd:76:64:34,1
de:8f:82:0f:ea:7c,1
de:79:2f:91:31:4a,1
d8:96:95:00:38:c6,1
d8:90:e8:20:1f:7f,4
d8:55:a3:ef:5c:43,8
d8:55:a3:ec:fc:4a,7
d8:55:a3:e2:89:2f,7
d8:2a:7e:91:2e:98,6
d8:1d:72:51:6c:f0,8
d8:1d:72:4e:97:d2,2
d8:1d:72:49:76:0a,2
d8:9e:3f:37:9f:0a,3
d6:c0:64:de:29:ad,1
d6:63:7f:15:bd:c9,1
d6:32:27:8f:f4:58,1
d6:13:50:ca:c3:63,1
d4:f4:6f:f1:39:a2,1
d4:97:0b:c1:ff:3d,1
d4:97:0b:c1:ce:87,23
d4:97:0b:b2:58:9b,13
d4:97:0b:ab:f3:11,16
d4:97:0b:a5:b8:27,56
d6:9b:eb:e2:32:45,1
ee:2d:a2:f7:d2:ec,1
d8:9e:3f:5f:95:bc,29
d8:cf:9c:5a:f8:61,15
de:6b:ca:2d:d5:58,1
de:65:0b:ee:0c:da,1
de:60:13:e1:ef:7f,1
de:06:7c:cf:08:af,1
dc:9b:9c:d4:b4:2f,2
dc:86:d8:c6:20:45,33
dc:86:d8:74:d1:6d,21
dc:86:d8:20:0e:94,1
dc:37:14:de:35:6b,68
d8:9e:3f:d0:26:8f,4
dc:37:14:5e:62:79,2
dc:37:14:48:8b:8e,1
dc:37:14:17:1c:3b,30
da:a1:19:d1:4c:38,1
da:a1:19:8e:02:bf,1
da:a1:19:83:fd:4e,1
da:a1:19:17:93:3a,1
da:66:1a:8d:f1:0b,1
da:5c:84:e3:7e:f6,1
da:33:6a:25:b4:1a,1
dc:37:14:5c:f1:f1,4
ee:ac:4c:bf:c5:21,1
ee:bd:21:45:47:bb,1
ee:cc:2a:fa:ad:b8,1
f8:a4:5f:75:3f:56,1
f8:a4:5f:74:9e:74,58
f8:a4:5f:70:e9:3a,26
f8:a4:5f:3d:68:72,1
f8:a4:5f:33:71:6c,48
f8:a4:5f:30:03:8b,24
f8:a4:5f:17:a1:9a,11
f8:a4:5f:10:6e:24,91
f8:0c:f3:e4:7a:0a,1
f8:a4:5f:84:b4:5d,18
f8:01:13:f9:e5:e5,1
f6:d0:10:46:b2:af,1
f6:b5:57:0b:7f:84,1
f6:9f:99:a4:c6:a8,1
f4:f1:5a:df:22:82,5
f4:f1:5a:96:83:4c,1
f4:e3:fb:0d:9c:d1,1
f4:dc:f9:41:fe:2c,2
f4:8e:92:ae:cf:ea,1
f4:8e:92:99:d9:e5,2
f6:d0:10:b9:6a:ea,1
f4:8e:92:58:1c:1f,15
f8:a4:5f:86:4f:15,3
f8:a4:5f:cc:a2:9d,4
fe:22:5f:88:fa:3b,1
fe:22:4c:ce:80:34,1
fe:13:56:dd:fb:c9,1
fc:e9:98:7d:c7:85,11
fc:e9:98:18:0e:97,9
fc:e9:98:14:f5:a8,5
fc:3d:93:1a:df:04,33
fc:25:3f:5a:34:cb,3
fc:25:3f:28:01:b6,5
f8:a4:5f:9d:c7:2a,4
fa:cd:cd:70:cc:8e,1
fa:13:76:5b:c3:9c,1
fa:0a:77:88:d0:65,1
f8:cf:c5:e0:c0:00,28
f8:cf:c5:d5:3f:02,1
f8:cf:c5:83:c7:d4,1
f8:a9:d0:85:6f:70,4
f8:a4:5f:fd:51:5f,2
f8:a4:5f:e6:7c:f9,4
f8:a4:5f:dc:2a:c9,1
fa:2f:c4:8c:ed:15,1
d4:97:0b:a2:bf:04,281
f4:8b:32:ac:c9:68,3
f4:8b:32:8a:5b:a8,59
f0:dc:e2:31:fb:50,8
f0:dc:e2:1f:c2:06,3
f0:db:e2:97:55:9a,9
f0:db:e2:77:27:ac,1
f0:cb:a1:73:6a:55,4
f0:99:bf:5d:2e:85,4
f0:5a:09:88:13:41,4
f0:27:65:80:ad:15,28
f0:27:65:5f:09:91,3
f0:f6:1c:48:63:81,10
f0:25:b7:a5:71:4b,3
f0:25:b7:43:50:a5,13
f0:25:b7:13:82:d8,20
f0:24:75:cd:dd:f2,18
f0:24:75:cc:63:f2,1
f0:24:75:c5:36:72,16
f0:24:75:87:c3:21,44
ee:f3:b3:03:93:3b,1
ee:e1:09:11:50:68,1
ee:d4:ab:ec:5a:d6,1
f0:25:b7:57:05:56,1
f4:8b:32:ab:26:8b,21
f0:f6:1c:82:46:51,78
f2:9a:dc:bd:05:d3,1
f4:8b:32:82:0c:56,1
f4:8b:32:71:69:a1,52
f4:8b:32:67:c7:3d,127
f4:8b:32:61:8d:7b,29
f4:8b:32:10:a1:f1,1
f4:8b:32:07:17:3d,4
f4:29:81:eb:0f:61,19
f4:29:81:9e:5a:52,10
f4:29:81:95:cf:3c,11
f2:50:15:17:3a:b2,1
f4:29:81:7c:28:c4,5
f4:29:81:77:f5:56,14
f4:29:81:20:03:84,4
f4:09:d8:d7:e6:b0,10
f4:09:d8:b7:55:b3,1
f4:09:d8:53:fe:48,29
f4:09:d8:4a:da:04,33
f4:09:d8:1e:51:24,5
f2:f8:d9:76:5f:23,1
f2:c2:1d:18:ca:f1,1
f4:29:81:7a:29:02,10
ac:f7:f3:10:70:76,1
d4:97:0b:9b:c8:87,5
d4:97:0b:8a:84:80,256
bc:3a:ea:49:b9:73,2
bc:3a:ea:2d:ed:ab,1
bc:3a:ea:1d:3e:73,24
bc:20:10:0c:02:58,32
ba:ae:52:10:3b:7c,1
ba:9a:a1:05:8e:12,1
ba:71:a1:6e:e3:da,1
ba:20:e9:de:6a:64,1
b8:bc:1b:c1:88:be,1
b8:bc:1b:6f:b9:30,4
b8:bc:1b:4f:e5:03,71
b8:bc:1b:12:47:4b,17
b8:98:f7:fb:6b:4d,14
b8:98:f7:f9:4d:67,4
b8:98:f7:f7:c3:cd,6
b8:98:f7:f3:78:ae,6
b8:98:f7:e5:6e:cd,25
b8:98:f7:9e:40:42,1
b8:98:f7:99:42:19,16
bc:3a:ea:b9:1c:d9,2
bc:3b:af:5b:1e:c6,12
bc:4c:c4:cc:44:c9,4
bc:4c:c4:e8:de:3b,11
c4:6a:b7:48:cc:ea,15
c4:07:2f:bc:ca:fe,9
c4:07:2f:3c:9f:a7,2
c2:b3:37:49:81:c0,1
c2:94:b6:34:fe:71,1
c0:f2:fb:e0:9b:a1,8
c0:f2:fb:dc:39:01,17
c0:f2:fb:91:b2:4d,1
c0:bd:d1:68:7c:58,27
b8:98:f7:10:c6:c5,14
c0:9f:42:da:d6:5c,10
c0:9a:71:22:8c:c3,4
c0:65:99:e9:5d:3f,6
c0:63:94:df:ef:b6,3
c0:1a:da:36:2d:8c,19
c0:1a:da:35:e8:eb,31
be:be:bb:87:a7:b1,1
be:a3:f2:4a:a0:b1,1
bc:52:b7:90:a0:88,3
bc:4c:c4:f1:48:c8,1
c0:9a:71:23:35:af,1
b8:5e:7b:97:49:bd,3
b8:4f:d5:59:a2:bc,1
b8:09:8a:70:bf:0f,19
b0:c5:59:b9:0b:73,6
b0:c5:59:9d:3a:f8,10
b0:9f:ba:a0:9e:68,2
b0:9f:ba:9e:b6:07,1
b0:9f:ba:92:21:af,2
b0:45:19:1b:a5:fc,150
b0:34:95:84:eb:80,7
ae:d9:bb:4d:8e:bf,1
ae:b6:9c:87:ce:bc,1
b0:e0:3c:4e:32:18,1
ae:a2:52:eb:b2:8f,1
ac:f7:f3:bb:e7:94,60
ac:f7:f3:ac:bb:c3,4
ac:f7:f3:aa:ff:52,28
ac:f7:f3:a7:78:8b,1
ac:f7:f3:a2:7d:7d,8
ac:f7:f3:a0:66:53,3
ac:f7:f3:80:24:da,74
ac:f7:f3:5e:e4:cb,2
ac:f7:f3:5c:7e:3d,32
ac:fd:ec:4f:87:ee,9
c4:6a:b7:9d:78:98,1
b0:e0:3c:9c:20:0c,40
b2:46:35:72:7d:37,1
b8:09:8a:65:5f:e1,4
b8:09:8a:61:8f:c4,3
b8:09:8a:5f:a9:1f,38
b8:09:8a:48:c0:f6,1
b8:09:8a:06:bf:9c,1
b6:bf:72:c7:d1:eb,1
b6:75:60:7d:01:b6,1
b6:6a:0b:41:01:72,1
b4:f0:ab:89:de:cc,11
b2:45:8b:8a:27:e7,1
b4:ce:f6:73:ee:0e,4
b4:52:7e:34:03:36,1
b4:30:52:ef:6e:17,37
b4:30:52:2e:47:8d,12
b4:30:52:19:8b:85,43
b2:e2:59:b9:f0:ef,1
b2:c7:f7:11:06:f0,1
b2:95:9b:58:2b:23,1
b2:6e:f4:cd:39:32,1
b2:49:6f:5e:02:71,1
b4:52:7e:80:59:df,7
c4:6a:b7:9e:e9:7b,22
c4:6a:b7:d5:d1:4f,12
c4:6a:b7:d9:1b:8a,26
d0:2d:b3:93:82:78,2
d0:25:98:c9:cf:69,21
d0:23:db:a1:fd:24,42
d0:23:db:01:ca:29,7
d0:22:be:d6:13:2d,30
d0:22:be:d3:c8:d3,4
d0:22:be:af:e0:90,25
d0:22:be:6e:38:6c,32
d0:22:be:55:57:da,1
d0:4f:7e:d4:68:89,24
d0:22:be:3e:bc:8c,10
d0:22:be:1e:aa:ac,1
d0:22:be:17:44:ea,1
d0:22:be:03:42:53,180
ce:f5:74:67:1d:51,1
ce:f2:69:0c:5d:e9,1
ce:ee:51:7d:ea:af,1
ce:59:fd:30:4b:a0,1
cc:a2:23:36:69:f9,20
cc:78:5f:6a:90:c3,18
d0:22:be:30:d0:32,6
cc:78:5f:53:c0:ae,1
d0:59:e4:bd:d0:48,10
d0:9d:ab:e8:3b:a1,8
d4:97:0b:87:01:e4,3
d4:97:0b:7f:23:22,3
d4:97:0b:6c:e6:62,59
d4:22:3f:25:fc:42,11
d4:0b:1a:67:eb:29,27
d4:0b:1a:66:59:15,15
d4:0b:1a:36:fa:a3,5
d2:54:48:66:40:e4,1
d2:06:9b:cf:ae:83,1
d0:7a:b5:24:0b:80,13
d0:e1:40:58:10:9c,1
d0:a6:37:d2:3b:db,1
d0:a6:37:cd:67:ec,1
d0:a6:37:b4:aa:5c,1
d0:a6:37:a8:fd:f4,1
d0:a6:37:8b:c8:7b,1
d0:a6:37:4a:df:9d,29
d0:a6:37:2d:54:b7,3
d0:a6:37:24:25:cd,1
d0:a6:37:18:73:62,1
d0:e1:40:06:bd:59,2
d4:97:0b:8f:c7:42,1
cc:3a:61:b3:bd:31,3
cc:3a:61:95:e9:50,17
c8:6f:1d:7b:63:27,2
c8:6f:1d:67:b8:79,48
c8:6f:1d:42:42:ff,17
c8:6f:1d:01:8b:a1,1
c8:33:4b:6d:0e:3d,30
c8:1e:e7:cb:01:aa,63
c8:1e:e7:bd:1a:e5,12
c8:1e:e7:bc:b5:c1,1
c8:1e:e7:68:f9:5e,11
c8:6f:1d:86:d6:a2,1
c8:1e:e7:07:2e:96,11
c6:dd:77:d7:d1:b2,1
c6:a1:45:74:06:7a,1
92:e2:2a:3c:70:a9,1
c6:6a:a1:24:48:74,1
c4:88:e5:7e:ef:e8,49
c4:6a:b7:de:77:3d,6
c4:6a:b7:dd:de:b9,1
c4:6a:b7:dc:e2:bc,1
c4:6a:b7:dc:54:59,4
c8:14:79:68:86:da,1
cc:3a:61:99:7b:42,2
c8:6f:1d:9f:2b:44,29
c8:6f:1d:dc:7e:77,14
cc:3a:61:8b:ec:5c,7
cc:3a:61:60:ca:fe,5
cc:3a:61:42:43:fa,8
cc:3a:61:1d:c0:c6,13
cc:29:f5:d1:cc:e7,14
cc:29:f5:ad:1f:99,1
cc:29:f5:ac:11:cd,18
cc:29:f5:2f:3d:bd,9
cc:08:e0:bd:f7:bc,27
c8:6f:1d:b1:b9:a1,8
cc:07:e4:d5:da:cf,15
cc:07:e4:3d:01:6f,15
cc:07:ab:fe:05:d7,2
ca:b7:5e:7f:8a:fd,1
ca:a5:a7:de:39:a0,1
ca:a5:3d:4f:88:d2,1
ca:3a:f4:83:50:5d,1
c8:e0:eb:81:b5:76,8
c8:b5:b7:e5:f5:ae,10
c8:6f:1d:e7:83:31,2
cc:07:e4:d2:22:fd,23
92:63:df:f6:8e:49,1
7c:1d:d9:4c:0c:46,49
92:13:57:dd:fe:13,1
2c:8a:72:4f:39:f7,1
2c:8a:72:4d:1b:9d,2
2c:8a:72:3c:52:fc,5
2c:28:2d:fd:2b:10,26
2c:28:2d:fa:10:34,10
2c:28:2d:e0:b2:64,37
2c:28:2d:83:1b:39,5
2c:28:2d:62:a1:6d,24
2c:28:2d:47:7e:f9,3
2c:28:2d:2c:ab:31,1
2c:8a:72:74:39:41,6
2c:28:2d:1d:c8:33,1
2a:f4:25:b8:bf:26,1
2a:ab:49:39:7c:c8,1
2a:96:45:a2:05:25,1
2a:6a:e4:44:ed:de,1
28:e3:1f:c7:df:36,8
28:e3:1f:c5:33:9f,20
28:e3:1f:b7:32:73,12
28:e3:1f:aa:12:2d,3
28:e3:1f:95:c4:27,3
28:e3:1f:8e:e2:19,6
2a:f8:a7:bf:94:d9,1
28:e3:1f:77:71:7f,27
2c:8a:72:99:2a:2b,1
2c:8a:72:c9:4d:42,7
34:23:ba:91:b8:96,23
34:23:ba:16:ba:08,3
32:dd:93:69:99:76,1
32:d7:fc:eb:2d:50,1
32:bd:bf:f8:86:b7,1
32:88:75:fd:71:c4,1
32:53:6c:f3:65:28,1
32:38:98:91:9d:e6,1
32:33:75:73:e2:6f,1
30:f7:c5:9a:60:df,24
2c:8a:72:99:85:5c,1
30:f7:c5:37:87:02,5
30:9b:ad:e0:1d:2f,3
30:9b:ad:57:2c:3d,44
30:9b:ad:13:d2:7e,68
30:92:f6:45:6b:1a,1
30:92:f6:1e:c0:0a,12
30:10:e4:e7:fe:02,24
2e:37:c0:bb:c1:29,1
2e:10:71:69:61:67,1
2c:f0:ee:ce:5c:83,2
2c:f0:ee:7f:3c:7f,13
30:f7:c5:07:05:31,1
34:23:ba:bc:37:67,8
28:e3:1f:54:26:cb,4
28:e1:4c:b4:8a:48,18
20:64:32:c0:e8:5f,3
20:54:76:88:fc:61,1
20:54:76:4e:73:dd,7
20:02:af:3c:da:85,54
20:02:af:35:48:d4,83
1e:fb:a3:1b:55:b8,1
1e:a4:59:10:1f:c8,1
1e:7b:04:88:ad:61,1
1e:45:7c:d7:43:65,1
1c:99:4c:ff:15:1d,1
20:6e:9c:f9:d5:c5,12
1c:99:4c:f9:70:01,6
1c:1a:c0:57:a2:28,1
1c:1a:c0:4e:cb:b0,2
1c:1a:c0:4b:ca:28,6
1c:1a:c0:3c:fb:d4,14
1c:1a:c0:12:56:6a,2
1c:1a:c0:0e:41:fb,1
1a:ef:dd:9f:e7:51,1
1a:c8:c7:e5:f7:d1,1
1a:2d:fa:3e:13:2c,1
1a:0f:03:88:61:ea,1
1c:1a:c0:58:2e:2d,4
28:e1:4c:f3:9a:35,27
20:a2:e4:08:50:13,8
20:a2:e4:90:3d:35,6
28:e1:4c:90:40:92,1
28:e0:2c:43:f7:67,1
28:cf:e9:df:84:11,3
28:cf:e9:d2:c3:01,51
28:5a:eb:ed:6b:2b,1
28:5a:eb:da:01:02,2
26:bc:dd:47:72:7c,1
26:67:0d:a8:9e:73,1
26:18:d3:d4:08:c0,1
26:02:e1:ae:fe:c7,1
20:a2:e4:89:58:08,4
24:e3:14:30:62:a4,3
24:ab:81:6f:a1:3c,63
24:a2:e1:15:9d:89,6
24:24:0e:91:f7:d9,3
24:24:0e:25:f4:2f,23
24:09:95:89:60:0b,3
24:09:95:37:03:16,5
22:9b:32:2b:a9:f6,1
20:c9:d0:6e:a2:e3,13
20:a9:9b:1a:7c:08,28
20:a2:e4:9d:c2:53,1
24:e3:14:0b:a8:bf,1
34:36:3b:b7:31:59,1
34:80:b3:1f:3b:f4,2
34:80:b3:21:ec:82,124
3e:d3:80:4e:f7:9b,1
3e:56:62:c6:54:c0,1
3e:4f:b4:c1:02:6d,1
3e:4b:a3:08:ce:72,1
3c:d0:f8:b8:5b:8f,1
3c:d0:f8:a5:ac:51,3
3c:d0:f8:68:f2:05,17
3c:d0:f8:2c:d7:ff,1
3c:a3:48:01:97:00,8
3c:a1:0d:d5:5d:3d,1
3e:df:23:5e:8a:b9,1
3c:91:57:ff:bb:07,21
3c:91:57:d0:e0:07,16
3c:91:57:c5:f2:2b,30
3c:91:57:ae:97:a3,2
3c:91:57:9b:9e:25,20
3c:91:57:15:4d:5b,21
3c:91:57:06:d7:e7,3
3c:91:57:04:7c:3b,1
3c:47:11:cd:f0:85,5
3a:ce:d3:d1:57:95,1
3a:5b:7d:f4:0a:50,1
3c:91:57:d8:e8:85,11
3a:34:91:fd:bd:ef,1
40:0e:85:21:9c:0c,9
40:30:04:26:9f:50,10
48:5a:3f:27:c6:8f,11
48:5a:3f:1c:05:20,19
48:5a:3f:18:1d:a0,18
48:43:7c:df:f8:b7,5
48:43:7c:47:31:b9,1
48:13:f3:df:f1:1d,4
48:13:f3:bb:f7:85,9
46:87:a2:f9:0e:ca,1
44:d4:e0:53:0d:6a,1
44:d4:e0:50:8d:dd,8
40:0e:85:4c:a0:b3,23
44:91:db:47:0a:99,5
42:93:ff:b7:1f:da,1
42:73:f0:bb:a0:24,1
42:47:74:d6:e3:b4,1
42:05:36:40:50:d6,1
40:f3:08:f4:20:a1,1
40:f3:08:92:0c:7f,5
40:f3:08:82:76:41,5
40:f3:08:3d:5a:da,2
40:a6:d9:c1:82:47,3
40:33:1a:2f:56:25,12
44:4c:0c:9c:97:f0,3
38:f8:89:0e:2f:11,4
38:bc:1a:e4:73:3e,3
38:bc:1a:db:9e:5f,8
38:0b:40:8e:86:5f,10
36:b4:2c:7b:34:53,1
36:9a:4e:76:c2:43,1
36:61:69:b9:aa:a1,1
36:25:ce:b7:53:60,1
36:1a:53:36:f1:18,1
34:e2:fd:72:bb:1b,42
34:e2:fd:2d:9e:36,18
34:e2:fd:21:87:42,6
34:e2:fd:15:68:a6,1
38:0b:40:9d:9f:8d,1
34:e2:fd:03:9a:1b,50
34:c0:59:9e:7d:6a,30
34:be:00:10:38:38,1
34:80:b3:eb:1a:83,2
34:80:b3:bb:23:80,7
34:80:b3:ab:0b:95,53
34:80:b3:a7:bd:02,5
34:80:b3:6f:19:25,2
34:80:b3:4c:92:e7,19
34:80:b3:4b:55:51,2
34:80:b3:23:cd:48,4
34:de:34:8b:91:8b,15
38:2d:d1:d3:37:25,4
38:48:4c:35:f7:a8,10
38:48:4c:74:8a:ee,9
38:bc:1a:d2:43:63,2
38:bc:1a:d2:17:e2,1
38:bc:1a:bb:b7:78,2
38:bc:1a:b9:9a:7d,31
38:bc:1a:b9:1c:d5,1
38:bc:1a:b1:e5:10,5
38:bc:1a:a2:72:3d,2
38:bc:1a:9a:27:f5,8
38:bc:1a:99:42:0b,1
38:bc:1a:93:a9:b0,4
38:bc:1a:8b:f7:17,1
38:bc:1a:81:c7:17,7
38:bc:1a:6a:9c:49,46
38:bc:1a:53:54:28,1
38:bc:1a:18:c7:19,1
38:bc:1a:10:83:ef,30
38:bc:1a:0e:2d:d7,31
38:bc:1a:0b:37:e4,17
38:bc:1a:03:0c:ec,2
38:bc:1a:02:aa:17,17
38:aa:3c:f7:fa:38,1
38:aa:3c:d7:2e:3e,13
38:aa:3c:01:62:18,3
18:f6:43:69:ca:c1,1
48:5a:3f:4c:f6:b1,25
18:f6:43:2f:8a:96,46
18:dc:56:f2:1c:70,7
0a:c6:07:b5:bb:a2,1
0a:62:f3:9b:fc:00,1
08:70:45:d7:67:b4,1
08:70:45:a8:f3:ae,21
06:c3:74:5e:44:e0,1
06:a7:49:0b:84:6c,1
06:04:71:ce:d8:a9,1
04:fe:31:b3:a1:3e,4
04:f7:e4:ab:1d:5b,11
04:f7:e4:1e:f5:b0,1
0a:f4:22:e3:ca:3f,1
04:e5:36:eb:57:07,1
04:db:56:35:e4:f3,1
04:54:53:22:1a:1f,25
04:48:9a:9f:44:ea,1
04:48:9a:92:11:6e,8
04:48:9a:91:03:04,3
04:48:9a:7e:e5:01,13
04:1e:64:69:78:c9,1
04:1b:ba:e7:2b:83,107
02:03:81:44:ee:c0,1
00:f7:6f:c9:43:3f,5
04:e5:36:e9:ca:bf,12
00:f7:6f:c1:c2:f6,2
0c:1d:af:67:36:2d,1
0c:1d:af:68:5d:a3,13
0e:10:6e:4a:d3:8b,1
0c:b3:19:85:e8:4b,1
0c:b3:19:5b:dc:d5,5
0c:77:1a:95:b0:0a,24
0c:77:1a:6b:39:57,1
0c:77:1a:23:cc:68,1
0c:3e:9f:99:db:25,26
0c:3e:9f:59:36:1b,6
0c:3e:9f:26:69:70,3
0c:37:dc:9c:3a:5e,4
0c:1d:af:67:75:c0,29
0c:30:21:d1:f8:62,100
0c:1d:af:fc:36:df,1
0c:1d:af:ef:77:2c,1
0c:1d:af:ec:af:0f,93
0c:1d:af:ec:92:85,6
0c:1d:af:eb:fc:45,19
0c:1d:af:e6:6e:4f,2
0c:1d:af:e5:9d:0a,304
0c:1d:af:e5:57:92,22
0c:1d:af:d6:d9:d3,4
0c:1d:af:72:5b:07,53
0c:30:21:6a:63:85,14
0e:6d:5d:e0:ba:d9,1
00:f7:6f:95:7c:bb,17
00:f4:b9:de:4c:cf,1
00:18:60:73:88:54,10
00:16:6d:fa:8f:eb,25
00:16:6d:e2:02:9e,1
00:16:6d:c2:76:ab,20
00:16:6d:27:f9:84,42
00:16:6d:26:e1:01,11
00:12:40:6b:6f:f9,1
00:0c:e7:c5:d3:37,26
00:0c:e7:a8:f7:33,8
00:0c:e7:71:00:56,7
00:18:60:75:74:18,1
00:0a:f5:c1:44:f8,1
00:08:ca:52:c5:e2,2
00:08:22:f2:51:07,1
00:08:22:e6:33:60,3
00:08:22:e0:23:fc,1
00:08:22:9c:28:32,1
00:08:22:98:bc:fb,1
00:08:22:98:48:0b,24
00:08:22:2c:fb:fb,3
00:08:22:14:13:11,1
00:08:22:06:17:a6,1
00:0a:f5:0e:e9:6c,12
00:f7:6f:79:57:b2,1
00:1a:95:68:69:b3,1
00:27:15:32:02:87,5
00:f4:b9:9e:7b:8a,33
00:f4:b9:8d:69:1a,10
00:f4:b9:6f:df:ec,23
00:f4:b9:5e:c2:17,3
00:ee:bd:8d:c0:bd,8
00:ee:bd:8b:28:21,1
00:d5:d0:2c:77:3a,35
00:cd:bf:82:ab:11,14
00:c8:ef:a0:cc:90,1
00:ac:a9:b8:e0:22,1
00:23:b1:47:58:6d,5
00:99:1d:c9:09:dc,14
00:90:4c:c5:12:38,25
00:88:65:df:15:d8,11
00:88:65:d1:0d:84,1
00:88:65:cf:c2:d6,21
00:66:4b:50:91:26,4
00:61:71:92:97:63,1
00:61:71:66:f3:28,25
00:61:71:02:37:c4,7
00:4d:7a:1b:6d:41,7
00:27:4d:91:36:ba,15
00:93:b0:3b:1e:cd,16
0e:a7:40:40:4d:13,1
0e:e3:66:09:92:58,1
0e:e4:76:da:e4:1f,1
18:dc:56:7c:38:fb,16
18:dc:56:7c:2e:06,6
18:dc:56:7c:22:07,8
18:dc:56:7c:1c:2e,8
18:dc:56:5d:81:04,32
18:dc:56:37:cb:d5,17
18:dc:56:34:cb:05,3
18:dc:56:1c:4b:00,3
18:dc:56:1a:b2:46,1
18:af:61:07:2c:fd,17
18:dc:56:7c:3c:ab,13
18:9e:fc:c0:1d:09,3
18:59:36:ca:1c:7d,22
18:59:36:c8:93:7c,3
18:59:36:c2:2c:05,63
18:59:36:a2:57:73,3
18:59:36:95:df:cf,9
18:59:36:94:d9:3f,8
18:59:36:7e:74:15,2
18:59:36:79:fd:11,14
18:59:36:77:57:43,1
18:59:36:6e:73:e2,11
18:59:36:ca:34:e7,54
18:59:36:6e:60:c4,1
18:dc:56:7c:7c:e3,30
18:dc:56:90:9e:95,25
18:dc:56:f1:a3:43,7
18:dc:56:f0:e5:aa,10
18:dc:56:f0:ac:4e,17
18:dc:56:f0:54:09,3
18:dc:56:ee:3f:00,1
18:dc:56:d0:65:c9,15
18:dc:56:d0:27:94,1
18:dc:56:d0:0e:fe,1
18:dc:56:cc:d6:02,7
18:dc:56:cc:27:4a,2
18:dc:56:90:4c:44,2
18:dc:56:c0:20:c6,13
18:dc:56:b3:c1:9e,2
18:dc:56:b2:b1:29,1
18:dc:56:b2:93:e0,4
18:dc:56:b2:51:04,32
18:dc:56:b2:3c:f9,3
18:dc:56:b2:22:a9,41
18:dc:56:b2:19:67,4
18:dc:56:ac:e7:0d,17
18:dc:56:95:4e:07,20
18:dc:56:90:b0:f2,5
18:dc:56:b6:3e:35,8
18:59:36:6c:03:d9,1
18:59:36:30:39:2f,12
18:59:36:1c:ef:c9,34
14:32:d1:d5:77:bc,18
14:32:d1:ad:77:7c,5
12:f8:9b:d1:0c:58,1
12:ea:e0:a0:de:1a,1
12:d7:2e:78:52:f7,1
12:48:4a:6e:fb:37,1
12:10:11:7d:ae:c6,1
10:f6:81:e3:98:db,2
10:f6:81:bd:5f:b7,30
10:f6:81:08:60:b8,6
14:36:c6:26:17:d0,3
10:d5:42:af:6f:b6,1
10:a5:d0:45:5a:c2,57
10:68:3f:33:f9:1e,16
10:41:7f:d7:c2:ef,84
10:41:7f:d2:68:e3,7
10:41:7f:b0:77:c2,1
10:41:7f:71:3a:1b,4
10:41:7f:5d:8d:5d,64
10:41:7f:32:60:9b,5
10:40:f3:70:02:e6,3
10:1c:0c:e9:69:32,15
10:d5:42:a1:f2:f7,1
14:8f:c6:38:61:05,47
14:99:e2:37:ee:85,3
14:99:e2:72:9f:65,28
18:3a:2d:a1:f5:4a,1
18:34:51:d1:ae:37,2
18:34:51:93:4c:bc,9
18:34:51:62:d5:0e,6
18:26:66:8f:e5:e4,1
18:1e:b0:b1:f4:02,1
16:df:b8:a4:7d:59,1
16:a4:05:a5:6c:5e,1
16:09:aa:f6:fc:2a,1
16:01:fc:77:46:28,1
14:f6:5a:ef:1f:67,27
14:f6:5a:cd:77:6d,31
14:f6:5a:c0:d4:aa,2
14:f6:5a:be:15:9e,16
14:f6:5a:bd:71:77,24
14:f6:5a:b8:bf:eb,16
14:f6:5a:ab:6d:ad,7
14:f6:5a:a5:e1:26,50
14:f6:5a:99:43:e1,29
14:b9:68:b2:b4:e4,8
14:b9:68:59:45:90,2
14:b9:68:30:ac:e2,1
14:b9:68:30:23:17,3
18:e2:c2:e3:36:13,1
92:1e:9a:eb:34:ef,1
48:6b:2c:31:5d:10,71
48:6b:2c:4f:e2:08,1
80:41:4e:9c:31:ef,45
80:41:4e:43:7f:84,1
80:22:75:63:19:e9,1
80:22:75:0a:3b:ea,42
7e:50:f3:90:37:95,1
7c:fa:df:f2:67:06,21
7c:fa:df:8a:32:34,5
7c:fa:df:7d:64:0d,1
7c:c5:37:fc:38:8f,153
7c:70:bc:00:84:bb,2
80:41:4e:c0:50:c9,1
7c:1d:d9:fa:e5:8c,74
7c:1d:d9:f0:02:fc,9
7c:1d:d9:d0:96:b0,15
7c:1d:d9:a5:08:fd,6
7c:1d:d9:a3:f3:1f,26
7c:1d:d9:a0:04:8d,5
7c:1d:d9:9a:77:8e,39
7c:1d:d9:6a:85:ca,1
fe:b7:89:da:a6:f1,1
7c:1d:d9:3d:a0:6d,1
7c:1d:d9:3a:ee:c5,1
7c:1d:d9:f4:e5:5d,3
7a:e1:86:ca:10:a0,1
80:41:4e:c5:de:3f,39
80:71:7a:18:78:1c,7
84:38:38:36:a2:af,9
84:38:38:1c:e1:a5,5
84:38:38:1c:22:37,37
84:38:38:08:1c:65,19
84:38:35:d6:c4:30,22
84:38:35:90:f5:a7,6
84:38:35:8f:bc:9f,33
82:f2:dc:2f:bf:f8,1
82:81:25:b0:83:19,1
82:61:a7:12:c0:29,1
80:41:4e:cf:91:09,3
82:45:0d:0c:96:8a,1
80:ea:96:54:58:75,1
80:ea:96:4f:74:f9,1
80:e6:50:91:2e:a3,2
80:cf:41:45:a9:35,1
80:be:05:82:84:c8,3
80:be:05:7e:9d:ef,6
80:be:05:13:3c:fa,5
80:71:7a:e3:39:89,2
80:71:7a:de:e5:9b,54
80:71:7a:99:d4:25,18
80:ea:96:6f:60:5d,9
84:38:38:6b:82:38,22
7a:1f:fe:36:cf:32,1
78:d7:5f:58:ea:fd,3
76:af:a2:1b:15:86,1
76:76:ce:60:98:cc,1
74:e2:f5:64:dc:2f,24
74:ad:b7:82:e9:2e,14
74:81:14:e7:d6:ed,17
74:51:ba:e6:bc:26,8
74:51:ba:e2:9f:1c,61
74:51:ba:db:8b:36,5
74:51:ba:d3:39:82,8
74:51:ba:d0:8a:e7,3
76:b4:cb:1c:ad:27,1
74:51:ba:cb:1e:06,2
74:51:ba:b0:f1:47,5
74:51:ba:a8:7d:aa,110
74:51:ba:a7:62:ac,1
74:51:ba:a0:a8:43,40
74:51:ba:89:f9:c9,16
74:51:ba:68:94:37,49
74:51:ba:5e:2d:c1,38
74:04:2b:57:d1:b1,7
74:04:2b:47:51:f3,1
72:92:3a:1e:a8:8c,1
74:51:ba:c3:e7:e7,1
78:f5:fd:d4:92:e2,27
76:bc:d1:ac:89:23,1
78:1f:db:4a:9b:ba,9
78:d7:5f:4c:41:ef,4
78:d7:5f:44:cc:e2,2
78:a8:73:e5:b6:c0,1
78:a3:e4:f0:57:0c,28
78:a3:e4:eb:50:7a,10
78:a3:e4:78:db:68,49
78:a3:e4:66:dd:07,1
78:9f:70:7e:0c:5e,8
78:9f:70:18:df:7b,8
78:9f:70:09:44:96,1
76:d9:72:26:77:b7,1
78:9e:d0:17:82:3a,1
78:6c:1c:da:c7:fb,1
78:6a:89:9b:65:00,45
78:6a:89:18:eb:9e,4
78:52:1a:e3:8a:37,1
78:4b:87:dd:8b:11,1
78:4b:87:bd:b3:fb,11
78:3a:84:7f:39:79,1
78:3a:84:73:46:0d,19
78:3a:84:6e:e6:68,1
78:31:c1:5a:03:1a,7
78:7e:61:2c:34:39,34
84:38:38:b3:65:27,20
84:55:a5:12:1f:f4,27
84:55:a5:1d:66:32,36
90:21:81:28:89:0d,73
90:1d:27:53:17:a0,21
90:18:7c:ed:47:0a,78
90:18:7c:e7:79:b1,3
90:18:7c:97:c7:dc,14
90:18:7c:95:50:77,3
90:00:db:4d:a4:34,9
8e:f3:ce:0b:cf:d2,1
8e:f2:b1:a8:95:51,1
8e:bd:99:0c:d2:d8,1
90:3c:92:74:99:5a,29
8e:5c:58:8c:ac:f1,1
8c:be:be:fe:05:b3,26
8c:be:be:f8:2e:53,21
8c:be:be:f6:f9:1f,44
8c:be:be:f6:67:97,4
8c:be:be:ca:c1:b1,1
8c:be:be:ca:3b:ff,3
8c:be:be:c8:fa:f0,2
8c:be:be:bf:0f:6f,18
8c:be:be:ba:47:df,3
8c:be:be:b5:27:53,39
8c:be:be:ff:b7:78,6
8c:be:be:9f:3d:3b,1
90:3c:92:7a:ac:17,1
90:3c:92:7b:19:1a,14
90:fd:61:5e:9d:43,5
90:fd:61:5c:f1:2e,13
90:fd:61:08:05:6b,1
90:fd:61:06:a0:62,60
90:e7:c4:83:ab:11,1
90:e7:c4:10:94:4a,4
90:c1:15:ee:d3:08,5
90:c1:15:59:19:d6,32
90:b9:31:71:b0:f2,6
90:b9:31:69:f7:23,12
90:3c:92:7a:e9:8c,11
90:b9:31:50:7f:0c,6
90:b9:31:4a:ae:36,5
90:b9:31:24:bd:72,1
90:b6:86:bb:a1:e2,4
90:b6:86:8a:a3:07,8
90:b6:86:77:1f:c7,1
90:8d:6c:d4:7d:6b,1
90:7a:28:01:fb:a6,4
90:67:1c:f1:11:e8,20
90:67:1c:2c:3d:fb,32
90:4e:2b:18:e8:2b,1
90:b9:31:50:73:82,5
8c:be:be:9b:c1:8f,1
8c:be:be:74:c4:44,4
8c:be:be:71:8a:4a,2
88:32:9b:97:90:45,28
88:32:9b:8d:a7:57,3
88:30:8a:dd:b4:ca,6
88:30:8a:4c:da:9d,4
88:1f:a1:8a:3e:41,1
88:1f:a1:52:4d:84,26
88:1f:a1:4a:73:08,1
86:db:8a:46:ca:af,1
86:29:27:cf:45:9f,1
86:16:86:14:c8:48,1
88:32:9b:a0:ad:4f,9
84:db:ac:c9:48:5a,23
84:b1:53:c7:6b:1c,10
84:b1:53:84:26:f8,1
84:b1:53:7f:3c:cf,1
84:8e:df:f5:e2:1f,27
84:85:06:7b:89:a9,1
84:7a:88:e7:83:da,2
84:7a:88:8e:0f:c5,1
84:7a:88:4b:18:43,17
84:73:03:13:8c:69,7
84:63:d6:10:03:3c,3
84:db:ac:67:46:74,1
88:32:9b:ab:98:12,3
88:32:9b:ca:39:6a,10
88:32:9b:f3:18:21,121
8c:77:16:83:84:07,25
8c:58:77:b3:7a:0e,1
8c:3a:e3:4b:5d:48,1
8c:34:fd:b8:c9:56,5
8c:0e:e3:9a:25:aa,9
8c:0e:e3:70:46:cb,16
8c:0e:e3:03:59:8a,1
8c:00:6d:be:1d:e7,2
8a:e5:24:e1:c7:35,1
8a:94:35:a8:4b:15,1
88:e3:ab:b2:21:b3,7
88:e3:ab:42:de:cb,1
88:cb:87:e2:77:a0,1
88:cb:87:73:41:2a,1
88:cb:87:6b:37:7d,37
88:cb:87:30:72:c9,4
88:70:8c:1b:1d:74,1
88:70:8c:1a:73:9c,1
88:53:95:d7:1b:fe,14
88:53:95:84:98:55,3
88:53:95:52:d4:62,18
88:53:95:4e:04:8e,1
88:32:9b:fb:49:84,36
72:81:5a:1c:c9:87,1
48:6b:2c:4d:a3:e2,3
72:65:a0:3f:94:cf,1
70:72:3c:e6:1c:7d,2
5c:95:ae:58:a1:e6,19
5c:8d:4e:5a:e2:68,8
5c:7d:5e:23:2c:99,11
5c:59:48:68:29:4c,2
5c:59:48:60:15:ad,45
5c:59:48:4b:bb:eb,8
5c:2e:59:ba:e4:c3,5
5c:2e:59:8d:f9:ec,109
5a:a0:61:95:a5:dc,1
5a:88:ef:17:de:68,1
5c:95:ae:9a:39:94,5
5a:1c:50:2d:5e:c9,1
58:44:98:5e:44:58,1
58:44:98:57:c0:82,8
58:2a:f7:b9:8d:c3,1
58:2a:f7:b5:38:46,2
58:2a:f7:84:b4:f3,3
58:2a:f7:5d:6e:4e,2
58:2a:f7:00:d9:5e,11
58:1f:28:98:f8:0f,11
58:02:2c:fb:78:5f,8
56:36:85:d2:b1:50,1
58:7f:66:d2:ff:e8,4
56:06:a2:c6:69:ad,1
5c:95:ae:ea:88:82,82
5c:96:9d:4a:8e:a9,7
60:f8:1d:42:c9:37,3
60:f8:1d:38:b2:09,1
60:e7:01:49:7f:8b,11
60:d9:a0:fa:a4:6b,27
60:d9:a0:da:67:72,6
60:d9:a0:c0:05:ea,3
60:92:17:b6:4a:5f,2
60:92:17:6b:e6:53,28
60:51:2c:70:e3:a0,3
60:51:2c:01:31:83,5
5c:96:9d:43:b2:86,7
60:21:c0:c7:4c:35,9
5e:6c:b0:85:a0:bb,1
5e:33:83:2b:99:6f,1
5c:f8:a1:fb:54:ed,2
5c:f8:a1:d9:3c:25,1
5c:f8:a1:98:b4:35,24
5c:f7:c3:9b:03:a2,2
5c:f5:da:f2:f6:30,1
5c:f5:da:32:c0:f3,1
5c:f5:da:08:a4:2a,8
5c:96:9d:e7:60:3a,46
60:21:c0:8a:c1:c1,16
60:f8:1d:a7:cc:7b,3
54:ea:a8:d9:da:b0,14
54:ea:a8:93:68:76,10
50:a7:2b:52:df:46,2
50:9f:27:1b:06:85,68
4e:ef:66:18:10:a2,1
4e:9e:ae:94:da:62,1
4e:4c:ab:4c:8a:cf,1
4c:b1:99:e3:ab:80,5
4c:8d:79:76:b0:39,1
4c:8d:79:6c:0d:a1,34
4c:3c:16:a5:7b:2c,1
4c:21:d0:47:ab:8e,1
50:cc:f8:8a:9f:41,2
4a:bc:a8:59:cd:06,1
4a:7f:d6:20:78:e9,1
4a:7f:19:5a:26:18,1
4a:0e:5f:01:be:eb,1
4a:08:6b:ed:8b:8b,1
4a:05:9f:ae:17:16,1
48:74:6e:94:b7:b0,69
48:74:6e:7e:43:8b,2
48:6b:2c:8e:b3:7a,1
48:6b:2c:83:6f:36,6
48:6b:2c:73:ac:68,1
4a:98:ad:82:e6:b0,1
54:ea:a8:94:15:bf,27
50:ea:d6:28:9e:fd,9
52:2d:fd:ce:42:63,1
54:ea:a8:70:24:b8,1
54:ea:a8:48:53:94,1
54:e4:3a:71:83:9e,1
54:e4:3a:3d:17:fd,1
54:ae:27:bd:ed:54,1
54:ae:27:90:26:7e,4
54:9f:13:d8:92:2c,1
54:9f:13:d6:5d:c8,1
54:9f:13:ab:b4:a2,15
54:9f:13:92:1a:fc,22
50:f5:20:61:04:2a,12
54:9f:13:10:ca:f5,13
54:72:4f:34:00:84,1
54:72:4f:2a:52:5b,13
54:72:4f:27:62:0d,36
54:14:73:27:c9:75,1
54:08:b4:52:b2:4d,3
52:cf:31:21:cc:c1,1
52:ba:20:ae:14:9f,1
52:a8:d7:38:34:7e,1
52:62:96:d7:8e:e3,1
52:33:49:03:d8:30,1
54:72:4f:5c:34:d5,17
60:f8:1d:dc:fa:b0,21
60:fa:cd:12:f4:5a,3
60:fa:cd:25:b8:72,7
6c:c2:6b:bf:68:94,3
6c:c2:6b:88:fb:fe,6
6c:8b:2f:a9:8f:6d,3
6c:8b:2f:a6:c4:07,14
6c:70:9f:7f:14:0f,2
6c:5f:1c:fa:b3:a0,4
6c:5f:1c:1e:7f:65,1
6c:2f:2c:d1:bd:b3,1
6c:2f:2c:c0:c2:8c,18
6c:25:b9:fc:59:6a,8
6c:c2:6b:ce:e3:3c,20
6c:25:b9:d3:d3:1e,5
6c:25:b9:62:45:90,1
6c:25:b9:04:02:7e,1
6a:90:41:01:b1:67,1
6a:36:ba:4b:40:e8,1
68:df:dd:f0:69:70,2
68:df:dd:ed:c8:ab,2
68:df:dd:db:d6:66,1
68:df:dd:ca:b9:4f,1
68:df:dd:ca:a6:1e,1
68:df:dd:a2:85:c8,1
6c:25:b9:a6:f3:68,8
68:df:dd:9e:68:10,3
6e:25:81:9e:43:cb,1
6e:6a:00:e9:6c:46,1
70:72:3c:2f:a9:3e,35
70:72:0d:cb:bc:45,13
70:72:0d:a5:ed:56,15
70:72:0d:a5:c1:a7,3
70:72:0d:a2:15:e0,4
70:14:a6:ef:17:77,3
70:14:a6:e1:8c:44,22
70:14:a6:de:2f:39,20
70:14:a6:b9:57:e3,29
70:14:a6:91:be:3c,14
6e:30:91:1b:4c:a7,1
70:14:a6:89:d2:5a,1
70:14:a6:6a:57:9e,36
70:14:a6:5d:72:2d,8
70:14:a6:5b:62:05,4
70:14:a6:40:ab:b5,37
70:14:a6:15:91:a4,7
70:11:24:eb:1d:5d,48
70:11:24:af:e2:d0,9
70:11:24:95:80:7f,11
6e:df:20:0c:86:49,1
6e:9f:42:1a:71:d8,1
70:14:a6:79:16:f0,1
68:df:dd:9b:7c:aa,2
68:df:dd:90:4a:37,44
68:df:dd:64:37:6d,7
64:b4:73:48:b9:9b,2
64:b4:73:3e:68:a5,27
64:b4:73:35:d0:c2,8
64:b4:73:2b:8a:6f,2
64:a6:51:56:b2:c4,1
64:a3:cb:d4:90:f7,1
64:9a:be:c1:f6:b0,8
64:9a:be:8f:de:50,3
64:9a:be:64:38:73,5
64:9a:be:61:cd:2c,17
64:b4:73:4f:a4:4d,6
64:89:9a:59:e6:bb,124
64:09:80:fc:0e:32,23
64:09:80:f7:a5:b8,78
64:09:80:e5:86:e7,1
64:09:80:d7:84:5a,7
64:09:80:b7:c1:26,1
62:b2:96:46:45:a5,1
62:7b:b8:37:6f:d1,1
60:fa:cd:b6:f8:64,14
60:fa:cd:46:d7:6c,26
60:fa:cd:40:bc:18,139
64:76:ba:22:ec:5d,1
64:b8:53:86:b4:7c,1
66:1b:50:4b:90:3a,1
66:2b:28:e6:96:6e,1
68:df:dd:63:c2:b3,9
68:df:dd:3f:9d:80,17
68:df:dd:2d:b7:12,2
68:df:dd:28:5e:60,19
68:df:dd:1c:4d:5c,68
68:df:dd:1c:49:eb,5
68:df:dd:18:19:5a,7
68:d9:3c:95:24:94,7
68:a0:f6:c9:48:54,144
68:a0:f6:c8:21:9f,24
68:a0:f6:a2:36:cf,9
68:a0:f6:83:03:42,34
68:a0:f6:7a:4b:91,6
68:a0:f6:1b:01:7d,3
68:96:7b:e6:d0:e7,8
68:96:7b:de:17:dc,1
68:96:7b:87:73:e8,4
68:48:98:ee:1f:4d,54
68:3e:34:2e:a2:f4,23
68:3e:34:0c:1a:01,5
68:3e:34:0a:c2:3b,4
66:fa:4c:a5:cb:7f,1
66:32:80:6d:33:29,1
70:e7:2c:b9:f2:12,13
fe:c9:af:b1:d2:d0,1
